time,Engagement,Excitement,Stress,Relaxation,Interest,Focus
0.0,0.556424,0.343362,0.37288899999999997,0.37414000000000003,0.526667,0.47166199999999997
1.0,0.5638866,0.34092426666666664,0.37023813333333333,0.3693934,0.5246232666666666,0.4782308666666666
2.0,0.5724152857142857,0.33813828571428567,0.3672085714285714,0.3639687142857143,0.5222875714285714,0.48573814285714284
3.0,0.5817968400000001,0.3350737066666667,0.36387605333333334,0.35800156,0.5197183066666666,0.49399614666666664
4.0,0.5918111677419354,0.3318024258064516,0.3603187612903226,0.35163192903225804,0.5169757483870967,0.5028111419354838
5.0,0.6030050677419354,0.3281458258064516,0.35634246129032254,0.3445120290322581,0.5139101483870967,0.5126644419354839
6.0,0.6141989677419355,0.3244892258064516,0.35236616129032255,0.337392129032258,0.5108445483870967,0.5225177419354838
7.0,0.6253928677419355,0.3208326258064516,0.34838986129032257,0.33027222903225806,0.5077789483870968,0.5323710419354839
8.0,0.6365867677419356,0.31717602580645166,0.3444135612903226,0.32315232903225805,0.5047133483870967,0.542224341935484
9.0,0.6477806677419355,0.31351942580645165,0.3404372612903226,0.31603242903225803,0.5016477483870968,0.5520776419354838
10.0,0.6589745677419355,0.30986282580645164,0.33646096129032255,0.308912529032258,0.49858214838709675,0.5619309419354839
11.0,0.6530744806451614,0.30761407096774196,0.3356888935483871,0.30885812580645156,0.4982065612903226,0.556368706451613
12.0,0.6386274000000001,0.3060692387096774,0.3365189419354839,0.31233647096774186,0.4991759806451613,0.5430987032258064
13.0,0.6199068225806452,0.3048763677419355,0.3381500483870968,0.3175811903225806,0.5008179032258064,0.5259748161290323
14.0,0.5990494967741936,0.3038594774193549,0.3401816838709677,0.3237090967741935,0.5027960774193548,0.5069239870967741
15.0,0.5771237967741936,0.3029305774193548,0.34241358387096776,0.3302785967741935,0.5049423774193548,0.4869096870967742
16.0,0.5551980967741936,0.3020016774193548,0.3446454838709677,0.33684809677419353,0.5070886774193548,0.46689538709677414
17.0,0.5332723967741935,0.3010727774193548,0.3468773838709677,0.3434175967741936,0.5092349774193548,0.44688108709677415
18.0,0.5113466967741935,0.3001438774193549,0.34910928387096773,0.3499870967741935,0.5113812774193549,0.42686678709677417
19.0,0.4894209967741936,0.2992149774193549,0.3513411838709677,0.35655659677419355,0.5135275774193548,0.40685248709677413
20.0,0.46749529677419355,0.29828607741935487,0.3535730838709677,0.36312609677419355,0.5156738774193548,0.3868381870967742
21.0,0.4659921,0.29413586129032254,0.3521247774193548,0.3597077258064516,0.514984770967742,0.3677902870967742
22.0,0.4747001548387097,0.2883749870967742,0.34883636774193544,0.35129541935483866,0.5128779612903226,0.3492255870967742
23.0,0.488513835483871,0.28180878387096775,0.3446279064516129,0.3403861451612903,0.5100623,0.33090248709677417
24.0,0.5048803290322581,0.27483991612903225,0.33995941935483864,0.32822838709677415,0.5068922129032258,0.31270018709677416
25.0,0.5225232290322581,0.26766971612903223,0.3350609193548387,0.3154463870967742,0.5035449129032258,0.29455828709677423
26.0,0.5401661290322581,0.2604995161290322,0.3301624193548387,0.3026643870967741,0.5001976129032258,0.2764163870967742
27.0,0.5578090290322582,0.25332931612903226,0.32526391935483867,0.28988238709677416,0.4968503129032258,0.2582744870967742
28.0,0.5754519290322581,0.24615911612903224,0.3203654193548387,0.27710038709677415,0.4935030129032258,0.2401325870967742
29.0,0.5930948290322581,0.23898891612903225,0.3154669193548387,0.26431838709677413,0.4901557129032258,0.2219906870967742
30.0,0.6107377290322581,0.23181871612903227,0.3105684193548387,0.25153638709677417,0.4868084129032258,0.20384878709677418
31.0,0.6190598548387096,0.22798301935483872,0.3082584612903225,0.24707474838709673,0.4854530612903226,0.20316009999999998
32.0,0.6227215935483871,0.2258145741935484,0.3072427741935484,0.2467732903225806,0.48509368387096774,0.21119801935483867
33.0,0.6240531387096775,0.2244797548387097,0.3068742225806452,0.24855192258064512,0.48523229354838704,0.22359924193548383
34.0,0.6242195870967743,0.22356174838709678,0.30682923870967743,0.25137059999999994,0.48561989677419354,0.23818211612903223
35.0,0.6238034870967742,0.22285214838709677,0.3069460387096774,0.25470929999999997,0.4861319967741935,0.25385581612903224
36.0,0.6233873870967742,0.2221425483870968,0.30706283870967743,0.258048,0.4866440967741935,0.2695295161290322
37.0,0.6229712870967741,0.22143294838709676,0.30717963870967746,0.26138669999999997,0.48715619677419353,0.2852032161290322
38.0,0.6225551870967743,0.22072334838709678,0.30729643870967743,0.2647254,0.48766829677419354,0.3008769161290322
39.0,0.6221390870967742,0.22001374838709678,0.3074132387096774,0.2680641,0.4881803967741935,0.3165506161290322
40.0,0.6217229870967742,0.21930414838709678,0.30753003870967743,0.27140280000000006,0.4886924967741935,0.3322243161290322
41.0,0.6180033516129032,0.21917901290322583,0.3080575741935484,0.27389783548387103,0.4891755903225806,0.3432837709677419
42.0,0.6126319483870968,0.21934610967741935,0.30879047741935484,0.27597103870967743,0.4896441806451613,0.3520361032258064
43.0,0.6064346612903225,0.2196593225806452,0.30962606451612906,0.27783332580645165,0.4901055193548387,0.35963487419354834
44.0,0.5998244322580645,0.22004559354838713,0.31051299354838713,0.2795901548387097,0.49056323225806453,0.366656864516129
45.0,0.5930077322580645,0.2204683935483871,0.3114255935483871,0.2812942548387097,0.49101913225806454,0.373390464516129
46.0,0.5861910322580646,0.2208911935483871,0.3123381935483871,0.28299835483870966,0.49147503225806455,0.380124064516129
47.0,0.5793743322580646,0.2213139935483871,0.31325079354838703,0.28470245483870965,0.4919309322580645,0.386857664516129
48.0,0.5725576322580646,0.2217367935483871,0.31416339354838707,0.2864065548387097,0.49238683225806457,0.393591264516129
49.0,0.5657409322580645,0.2221595935483871,0.31507599354838706,0.2881106548387097,0.4928427322580645,0.40032486451612903
50.0,0.5589242322580645,0.22258239354838708,0.31598859354838704,0.28981475483870967,0.49329863225806453,0.40705846451612904
51.0,0.5607690032258064,0.22308023870967741,0.3171756709677419,0.2920956806451613,0.4935279,0.40612047741935486
52.0,0.5669445096774193,0.22361560645161288,0.3184999870967742,0.2946650193548387,0.49364385161290325,0.40134669677419355
53.0,0.5752853838709677,0.22416973548387095,0.3198929225806451,0.29737856451612904,0.4937031451612903,0.3946550193548387
54.0,0.5847089419354838,0.22473324516129034,0.32132016774193545,0.3001642129032258,0.4937341096774194,0.3870043935483871
55.0,0.5946738419354838,0.22530144516129033,0.3227645677419354,0.30298591290322585,0.4937509096774193,0.3788742935483871
56.0,0.6046387419354838,0.22586964516129032,0.3242089677419354,0.3058076129032258,0.49376770967741934,0.37074419354838706
57.0,0.6146036419354839,0.22643784516129034,0.32565336774193543,0.3086293129032258,0.49378450967741927,0.36261409354838714
58.0,0.6245685419354838,0.2270060451612903,0.32709776774193544,0.3114510129032258,0.4938013096774193,0.3544839935483871
59.0,0.6345334419354838,0.22757424516129032,0.32854216774193545,0.3142727129032258,0.49381810967741935,0.3463538935483871
60.0,0.6444983419354837,0.22814244516129034,0.32998656774193547,0.3170944129032258,0.4938349096774194,0.33822379354838705
61.0,0.6488396548387096,0.22820974193548388,0.3303434838709677,0.31672184193548386,0.49346832903225807,0.3381421580645161
62.0,0.6503691741935483,0.2280265870967742,0.3301566580645161,0.31475213548387093,0.4929100580645161,0.34208475483870965
63.0,0.6504927967741936,0.2277182064516129,0.3296979612903226,0.3119838612903226,0.4922559419354839,0.3480394677419355
64.0,0.6499134709677419,0.22734721290322582,0.32910332903225803,0.30881630322580644,0.49155390322580644,0.3550002387096774
65.0,0.648982670967742,0.22694491290322583,0.32844072903225807,0.30544910322580643,0.49082790322580644,0.36246403870967736
66.0,0.6480518709677419,0.2265426129032258,0.32777812903225806,0.3020819032258064,0.4901019032258065,0.3699278387096774
67.0,0.647121070967742,0.2261403129032258,0.32711552903225805,0.2987147032258064,0.4893759032258065,0.3773916387096774
68.0,0.646190270967742,0.22573801290322582,0.32645292903225803,0.2953475032258064,0.4886499032258065,0.3848554387096774
69.0,0.6452594709677419,0.2253357129032258,0.325790329032258,0.2919803032258064,0.4879239032258065,0.39231923870967744
70.0,0.644328670967742,0.22493341290322577,0.32512772903225806,0.2886131032258064,0.4871979032258065,0.39978303870967746
71.0,0.6388223354838709,0.22524940967741935,0.3241415677419354,0.2852956064516129,0.4868598774193549,0.39973303225806456
72.0,0.6310282322580645,0.22592455483870966,0.3229936258064516,0.28200296129032254,0.4867158387096775,0.3959261225806452
73.0,0.6220902451612903,0.22677927419354837,0.32176479354838705,0.27872274193548385,0.48666879354838716,0.3902407612903226
74.0,0.6125803161290322,0.2277237806451613,0.32049551612903227,0.27544873548387094,0.4866702451612903,0.3836161741935484
75.0,0.6027844161290323,0.22871318064516127,0.3192060161290322,0.272177835483871,0.48669594516129033,0.3765219741935484
76.0,0.5929885161290323,0.2297025806451613,0.3179165161290322,0.268906935483871,0.48672164516129035,0.3694277741935484
77.0,0.5831926161290322,0.23069198064516128,0.3166270161290322,0.26563603548387094,0.48674734516129037,0.3623335741935484
78.0,0.5733967161290323,0.23168138064516128,0.31533751612903227,0.26236513548387097,0.4867730451612904,0.3552393741935484
79.0,0.5636008161290322,0.23267078064516128,0.3140480161290322,0.259094235483871,0.4867987451612903,0.3481451741935484
80.0,0.5538049161290322,0.23366018064516128,0.31275851612903227,0.255823335483871,0.4868244451612903,0.34105097419354846
81.0,0.5545041387096774,0.23607683225806453,0.3145958806451613,0.2594263451612903,0.48709030000000003,0.34321184516129033
82.0,0.5604509225806451,0.23920710967741937,0.3179966774193548,0.26646630967741936,0.4874762322580645,0.35000025161290327
83.0,0.5690214870967741,0.2426942,0.32217919032258063,0.2752247516129032,0.48792220322580643,0.35910242580645163
84.0,0.5789039419354838,0.24635969677419356,0.3267525612903226,0.2848424322580645,0.4883981935483871,0.3693614838709678
85.0,0.5894423419354837,0.25011439677419356,0.33152136129032256,0.2948897322580645,0.4888891935483871,0.3801989838709678
86.0,0.5999807419354839,0.25386909677419356,0.3362901612903225,0.3049370322580645,0.4893801935483871,0.3910364838709678
87.0,0.6105191419354838,0.25762379677419356,0.34105896129032254,0.31498433225806455,0.4898711935483871,0.4018739838709678
88.0,0.6210575419354838,0.26137849677419356,0.34582776129032256,0.32503163225806453,0.4903621935483871,0.4127114838709678
89.0,0.6315959419354837,0.2651331967741935,0.3505965612903226,0.3350789322580645,0.4908531935483871,0.4235489838709678
90.0,0.6421343419354838,0.2688878967741935,0.3553653612903226,0.3451262322580645,0.4913441935483871,0.4343864838709678
91.0,0.6386752709677419,0.2678133838709677,0.35519429032258065,0.346320164516129,0.4915390903225807,0.4361748483870968
92.0,0.6282174645161289,0.264324264516129,0.35255328387096774,0.3430874129032258,0.491585935483871,0.4334386451612903
93.0,0.6142602903225806,0.2596278419354839,0.34867730967741933,0.33764131935483865,0.4915587548387097,0.42844015806451613
94.0,0.5985534322580646,0.25432776774193544,0.3441838516129032,0.33108855483870964,0.4914945612903226,0.4223105290322581
95.0,0.5819717322580644,0.24872586774193547,0.33938165161290323,0.3239824548387097,0.4914118612903226,0.41561532903225806
96.0,0.5653900322580645,0.24312396774193548,0.3345794516129032,0.3168763548387097,0.49132916129032256,0.40892012903225805
97.0,0.5488083322580646,0.23752206774193546,0.32977725161290317,0.3097702548387097,0.49124646129032257,0.40222492903225804
98.0,0.5322266322580644,0.23192016774193547,0.3249750516129032,0.3026641548387097,0.4911637612903226,0.395529729032258
99.0,0.5156449322580645,0.22631826774193547,0.3201728516129032,0.29555805483870967,0.4910810612903226,0.38883452903225807
100.0,0.4990632322580645,0.22071636774193545,0.3153706516129032,0.28845195483870967,0.4909983612903226,0.382139329032258
101.0,0.4945854290322581,0.21689635161290322,0.31427792258064513,0.2858372096774193,0.4908199193548387,0.3814834064516128
102.0,0.4961595741935484,0.2139672774193548,0.315039929032258,0.28546814193548387,0.4905936064516129,0.38384712258064513
103.0,0.5007596935483871,0.21148367419354835,0.3167293032258064,0.28622191290322585,0.4903433580645161,0.38772065806451617
104.0,0.5068728,0.2092228064516129,0.31888236129032255,0.2875371032258065,0.49008114193548385,0.3923491032258064
105.0,0.5137423999999999,0.20707330645161287,0.32126726129032257,0.28913300322580643,0.48981294193548386,0.3973550032258064
106.0,0.520612,0.2049238064516129,0.3236521612903226,0.29072890322580647,0.4895447419354839,0.4023609032258064
107.0,0.5274816,0.20277430645161287,0.32603706129032256,0.29232480322580645,0.48927654193548387,0.40736680322580643
108.0,0.5343512,0.2006248064516129,0.32842196129032253,0.29392070322580643,0.48900834193548387,0.41237270322580644
109.0,0.5412208000000001,0.19847530645161288,0.33080686129032255,0.2955166032258064,0.4887401419354839,0.41737860322580644
110.0,0.5480904,0.1963258064516129,0.3331917612903226,0.29711250322580646,0.4884719419354839,0.42238450322580645
111.0,0.5543094709677419,0.19509042258064516,0.3338135129032258,0.2958454870967742,0.48839419354838715,0.42571659677419355
112.0,0.5602032774193548,0.19431209677419353,0.33355369032258064,0.29314701290322587,0.48841167096774196,0.4282117870967742
113.0,0.5659344516129032,0.1937623,0.3328530806451613,0.2897328096774194,0.4884767612903226,0.4302885258064516
114.0,0.5715843096774194,0.19332676774193547,0.3319320774193548,0.2859607419354839,0.48856565806451613,0.43215603870967734
115.0,0.5771935096774192,0.19294836774193547,0.3309008774193548,0.2820097419354839,0.48866645806451614,0.4339189387096774
116.0,0.5828027096774193,0.1925699677419355,0.3298696774193548,0.27805874193548386,0.48876725806451615,0.4356818387096774
117.0,0.5884119096774193,0.19219156774193552,0.3288384774193548,0.2741077419354838,0.4888680580645161,0.4374447387096774
118.0,0.5940211096774193,0.19181316774193552,0.3278072774193548,0.2701567419354839,0.4889688580645161,0.4392076387096774
119.0,0.5996303096774193,0.19143476774193552,0.3267760774193548,0.26620574193548385,0.4890696580645161,0.4409705387096774
120.0,0.6052395096774192,0.19105636774193552,0.3257448774193549,0.2622547419354838,0.4891704580645161,0.4427334387096774
121.0,0.6107275741935483,0.19110232903225807,0.3251694193548387,0.26055602580645154,0.48920565806451616,0.43717339677419353
122.0,0.6161550709677419,0.19136047096774195,0.3248218322580645,0.2599834516129032,0.4892080580645161,0.4279518838709677
123.0,0.6215522838709677,0.19172470322580645,0.32458818064516126,0.25997394838709675,0.48919405806451616,0.41689963548387093
124.0,0.6269343548387096,0.1921419806451613,0.32441149677419356,0.26024598064516125,0.48917185806451613,0.4049320193548387
125.0,0.6323088548387097,0.1925857806451613,0.3242632967741935,0.26065878064516124,0.4891455580645161,0.39250671935483866
126.0,0.6376833548387097,0.1930295806451613,0.3241150967741936,0.2610715806451613,0.4891192580645161,0.3800814193548387
127.0,0.6430578548387097,0.19347338064516129,0.32396689677419355,0.2614843806451613,0.4890929580645161,0.36765611935483866
128.0,0.6484323548387096,0.19391718064516128,0.32381869677419356,0.26189718064516126,0.4890666580645161,0.3552308193548387
129.0,0.6538068548387097,0.19436098064516127,0.3236704967741936,0.2623099806451613,0.48904035806451607,0.3428055193548387
130.0,0.6591813548387098,0.1948047806451613,0.32352229677419353,0.2627227806451613,0.4890140580645161,0.3303802193548387
131.0,0.6582875193548388,0.19557136774193545,0.3231959806451613,0.26340979999999997,0.4889329967741935,0.3232001838709677
132.0,0.6542595161290323,0.19649934838709676,0.3227806064516129,0.26423392903225806,0.4888245548387096,0.31864278064516127
133.0,0.6486644290322581,0.1975080258064516,0.3223207032258064,0.2651266129032258,0.4887024225806451,0.31539669354838706
134.0,0.6422858,0.1985570516129032,0.321838535483871,0.26605357419354836,0.4885734451612903,0.31280626451612903
135.0,0.6355154000000001,0.1996262516129032,0.32134523548387095,0.26699767419354836,0.48844104516129033,0.310543664516129
136.0,0.628745,0.20069545161290323,0.3208519354838709,0.26794177419354837,0.48830864516129036,0.308281064516129
137.0,0.6219746,0.20176465161290322,0.32035863548387095,0.26888587419354837,0.4881762451612903,0.306018464516129
138.0,0.6152042,0.2028338516129032,0.31986533548387097,0.26982997419354837,0.4880438451612903,0.30375586451612907
139.0,0.6084338,0.2039030516129032,0.31937203548387094,0.2707740741935484,0.4879114451612903,0.301493264516129
140.0,0.6016634,0.20497225161290322,0.3188787354838709,0.2717181741935484,0.48777904516129034,0.299230664516129
141.0,0.5939382645161291,0.20587556774193547,0.3195642741935484,0.27447522903225796,0.4877832129032258,0.2948701548387097
142.0,0.5857357612903226,0.20669594193548385,0.32083923225806454,0.27813876129032256,0.48785566451612905,0.2894606903225806
143.0,0.5772945741935483,0.20747484516129028,0.3224089,0.2822555322580645,0.4879622580645161,0.2835267483870968
144.0,0.5687340451612903,0.20823301290322582,0.32412592258064515,0.2865989225806451,0.4880859225806452,0.2773305677419355
145.0,0.5601138451612904,0.2089808129032258,0.32591662258064513,0.2910556225806451,0.4882181225806452,0.2710032677419355
146.0,0.5514936451612904,0.2097286129032258,0.32770732258064517,0.29551232258064514,0.48835032258064515,0.26467596774193547
147.0,0.5428734451612903,0.21047641290322577,0.32949802258064514,0.2999690225806452,0.4884825225806451,0.25834866774193543
148.0,0.5342532451612902,0.2112242129032258,0.3312887225806451,0.30442572258064515,0.4886147225806451,0.2520213677419355
149.0,0.5256330451612903,0.2119720129032258,0.33307942258064516,0.30888242258064513,0.4887469225806451,0.24569406774193547
150.0,0.5170128451612903,0.21271981290322578,0.3348701225806452,0.3133391225806451,0.48887912258064514,0.23936676774193547
151.0,0.5233163096774194,0.21209517419354834,0.33676399677419355,0.31577987419354836,0.4888950903225806,0.24690960967741934
152.0,0.5370816064516128,0.21078431612903223,0.33870945806451613,0.3172126516129032,0.48885294193548384,0.2613875225806451
153.0,0.5545778193548387,0.20913034838709676,0.3406807129032258,0.3181414419354839,0.48878173548387094,0.2793329709677419
154.0,0.5739394903225806,0.2073048258064516,0.3426648645161291,0.3188182387096774,0.488696,0.2990121870967742
155.0,0.5942338903225806,0.2053935258064516,0.34465546451612905,0.31936903870967737,0.48860299999999995,0.31955828709677414
156.0,0.6145282903225806,0.2034822258064516,0.346646064516129,0.31991983870967744,0.48851,0.34010438709677415
157.0,0.6348226903225805,0.20157092580645158,0.348636664516129,0.3204706387096774,0.48841700000000005,0.36065048709677416
158.0,0.6551170903225806,0.1996596258064516,0.350627264516129,0.3210214387096774,0.488324,0.3811965870967742
159.0,0.6754114903225805,0.19774832580645163,0.3526178645161291,0.32157223870967744,0.488231,0.4017426870967742
160.0,0.6957058903225806,0.19583702580645163,0.35460846451612904,0.3221230387096774,0.488138,0.4222887870967742
161.0,0.7001991548387096,0.19571199677419354,0.3536725612903226,0.31868921935483874,0.488119735483871,0.42981584193548383
162.0,0.6967918516129032,0.19648010322580645,0.3512734064516129,0.31326309032258065,0.48813883870967745,0.4308333741935484
163.0,0.6894342645161291,0.19769477741935482,0.3481426258064516,0.30684080645161294,0.4881766258064516,0.4285961451612903
164.0,0.6801015354838709,0.19913273548387095,0.34464603225806456,0.2999204451612903,0.48822375483870967,0.424731535483871
165.0,0.6697812354838709,0.20068233548387096,0.3409665322580645,0.2927510451612903,0.48827555483870966,0.42005323548387097
166.0,0.659460935483871,0.20223193548387097,0.33728703225806456,0.2855816451612903,0.4883273548387097,0.415374935483871
167.0,0.6491406354838709,0.20378153548387096,0.33360753225806455,0.2784122451612903,0.48837915483870964,0.4106966354838709
168.0,0.6388203354838708,0.205331135483871,0.32992803225806455,0.27124284516129027,0.48843095483870963,0.40601833548387095
169.0,0.628500035483871,0.20688073548387098,0.3262485322580645,0.2640734451612903,0.4884827548387097,0.401340035483871
170.0,0.618179735483871,0.20843033548387097,0.32256903225806455,0.2569040451612903,0.48853455483870967,0.39666173548387096
171.0,0.6128890096774193,0.2093329677419355,0.32099435806451615,0.25312654193548384,0.48858939999999995,0.3959119
172.0,0.6101130709677418,0.20991211612903227,0.3204720967741935,0.2510449870967742,0.48864576774193547,0.39712629677419353
173.0,0.6085945258064516,0.21032952258064516,0.3204760419354839,0.2498114064516129,0.48870289677419354,0.3993228096774194
174.0,0.6077046774193547,0.2106660580645161,0.32074309032258064,0.2490018129032258,0.4887604064516129,0.40201038064516126
175.0,0.6071291774193548,0.21096215806451613,0.32114169032258066,0.24840421290322579,0.4888181064516129,0.4049434806451613
176.0,0.6065536774193547,0.21125825806451612,0.32154029032258064,0.24780661290322578,0.4888758064516129,0.4078765806451613
177.0,0.6059781774193548,0.2115543580645161,0.32193889032258066,0.2472090129032258,0.4889335064516129,0.4108096806451612
178.0,0.6054026774193548,0.21185045806451613,0.32233749032258063,0.2466114129032258,0.48899120645161287,0.41374278064516123
179.0,0.6048271774193548,0.21214655806451613,0.32273609032258066,0.24601381290322583,0.4890489064516129,0.41667588064516126
180.0,0.6042516774193548,0.21244265806451612,0.3231346903225807,0.24541621290322582,0.48910660645161286,0.4196089806451613
181.0,0.6100544999999999,0.21280497741935483,0.32232518709677416,0.24561732258064517,0.48903594516129034,0.41266522903225805
182.0,0.6190464838709677,0.2132004064516129,0.3209116322580645,0.2462177870967742,0.48890110322580643,0.4007830516129032
183.0,0.6296330483870968,0.21361239032258061,0.3191960516129032,0.24701792903225805,0.4887341709677419,0.3864316612903226
184.0,0.6410169032258064,0.2140326516129032,0.3173294580645162,0.24791790967741933,0.4885511935483871,0.370845664516129
185.0,0.6527994032258064,0.2144570516129032,0.3153873580645161,0.24886780967741934,0.48836019354838706,0.354642364516129
186.0,0.6645819032258065,0.21488145161290323,0.31344525806451606,0.24981770967741934,0.48816919354838706,0.33843906451612904
187.0,0.6763644032258065,0.21530585161290322,0.3115031580645161,0.25076760967741935,0.487978193548387,0.322235764516129
188.0,0.6881469032258064,0.2157302516129032,0.3095610580645161,0.25171750967741935,0.48778719354838707,0.30603246451612903
189.0,0.6999294032258063,0.2161546516129032,0.3076189580645161,0.2526674096774193,0.48759619354838707,0.289829164516129
190.0,0.7117119032258064,0.21657905161290322,0.3056768580645161,0.2536173096774193,0.4874051935483871,0.273625864516129
191.0,0.7176858354838709,0.21776133548387094,0.30645723548387094,0.2567507967741935,0.48747550967741937,0.2702695838709677
192.0,0.7207554838709677,0.21932256129032257,0.3085988516129032,0.2609760774193548,0.4876764838709677,0.27333681290322576
193.0,0.7223729903225806,0.2210732580645161,0.3114210870967742,0.26574725483870965,0.4879427870967742,0.27961579677419357
194.0,0.7232644258064516,0.2229186903225806,0.3145836322580645,0.2707913806451613,0.48824175483870963,0.28750065806451613
195.0,0.7237928258064517,0.22481149032258063,0.3179163322580645,0.27597198064516126,0.4885570548387096,0.2961884580645161
196.0,0.7243212258064515,0.22670429032258066,0.3212490322580645,0.28115258064516124,0.48887235483870967,0.30487625806451607
197.0,0.7248496258064516,0.22859709032258066,0.32458173225806447,0.2863331806451613,0.48918765483870963,0.3135640580645161
198.0,0.7253780258064516,0.23048989032258066,0.3279144322580645,0.29151378064516126,0.4895029548387096,0.3222518580645161
199.0,0.7259064258064516,0.23238269032258063,0.33124713225806446,0.2966943806451613,0.4898182548387096,0.3309396580645161
200.0,0.7264348258064517,0.23427549032258066,0.33457983225806454,0.3018749806451613,0.4901335548387096,0.3396274580645161
201.0,0.722368335483871,0.2348189741935484,0.33572435161290315,0.3024014387096774,0.49019171935483863,0.34807030322580645
202.0,0.7160044,0.2346878,0.3357747806451613,0.3006008258064516,0.4901213161290322,0.3563906709677419
203.0,0.7084917419354839,0.23421929677419356,0.335278164516129,0.29763667741935484,0.489986629032258,0.36464979999999997
204.0,0.7004047225806451,0.23358212903225806,0.33450802580645156,0.2940907612903225,0.4898197999999999,0.3728783096774193
205.0,0.6920305225806451,0.23286062903225807,0.3336011258064516,0.29025396129032255,0.48963689999999993,0.38109150967741934
206.0,0.6836563225806451,0.23213912903225803,0.3326942258064516,0.2864171612903225,0.48945399999999994,0.38930470967741937
207.0,0.6752821225806451,0.23141762903225804,0.3317873258064516,0.2825803612903226,0.48927109999999996,0.39751790967741935
208.0,0.666907922580645,0.23069612903225806,0.3308804258064516,0.2787435612903225,0.4890882,0.4057311096774193
209.0,0.6585337225806451,0.22997462903225807,0.32997352580645156,0.27490676129032254,0.48890529999999993,0.41394430967741935
210.0,0.6501595225806451,0.22925312903225806,0.3290666258064516,0.27106996129032257,0.4887223999999999,0.42215750967741933
211.0,0.6395917741935484,0.22827464838709677,0.32876132580645157,0.26948518709677416,0.48863111290322575,0.4272818322580645
212.0,0.6279272516129031,0.22716767741935484,0.3287568258064516,0.2690264258064516,0.4885856322580645,0.43086171612903224
213.0,0.6157143419354838,0.22599646129032258,0.3289027258064516,0.2691306709677419,0.48856305483870965,0.43366938064516125
214.0,0.6032272387096773,0.22479312258064515,0.3291238258064516,0.2695164193548387,0.488551929032258,0.436090935483871
215.0,0.5906030387096772,0.22357372258064515,0.32938252580645155,0.2700429193548387,0.48854652903225804,0.438319435483871
216.0,0.5779788387096774,0.22235432258064514,0.3296412258064516,0.2705694193548387,0.48854112903225805,0.440547935483871
217.0,0.5653546387096774,0.22113492258064515,0.32989992580645155,0.2710959193548387,0.48853572903225806,0.442776435483871
218.0,0.5527304387096774,0.21991552258064515,0.3301586258064516,0.27162241935483866,0.488530329032258,0.445004935483871
219.0,0.5401062387096773,0.21869612258064516,0.33041732580645156,0.2721489193548387,0.488524929032258,0.447233435483871
220.0,0.5274820387096774,0.21747672258064515,0.3306760258064516,0.27267541935483874,0.48851952903225804,0.44946193548387103
221.0,0.5270818387096774,0.21653866451612902,0.32974886774193546,0.27262179032258066,0.48835196129032254,0.43910622903225804
222.0,0.5327936387096773,0.21574127741935484,0.32822878064516126,0.27227809677419357,0.48810330967741933,0.42245841935483874
223.0,0.5415614387096774,0.21501422580645163,0.3264122290322581,0.2717893709677419,0.48781411612903225,0.4026645580645161
224.0,0.5518572387096774,0.21432234193548388,0.3244474451612903,0.271228129032258,0.48750465161290313,0.3812976709677419
225.0,0.5629170387096774,0.21364804193548387,0.32240854516129036,0.2706306290322581,0.48718505161290315,0.35914427096774193
226.0,0.5739768387096774,0.21297374193548388,0.3203696451612903,0.27003312903225807,0.4868654516129032,0.33699087096774194
227.0,0.5850366387096775,0.2122994419354839,0.31833074516129034,0.26943562903225804,0.48654585161290315,0.31483747096774195
228.0,0.5960964387096774,0.21162514193548387,0.3162918451612903,0.268838129032258,0.4862262516129031,0.29268407096774196
229.0,0.6071562387096774,0.21095084193548388,0.3142529451612903,0.2682406290322581,0.48590665161290314,0.2705306709677419
230.0,0.6182160387096773,0.21027654193548387,0.3122140451612903,0.26764312903225806,0.48558705161290316,0.2483772709677419
231.0,0.6257500064516128,0.20952198387096777,0.3110357387096774,0.2662468161290322,0.48540345161290316,0.2381188903225806
232.0,0.6315210580645161,0.20872729677419355,0.3102877290322581,0.26445109677419354,0.48528785161290316,0.2338080193548387
233.0,0.6364106516129033,0.20791254516129032,0.3097548677419355,0.2624556741935484,0.4852062516129032,0.2324709032258064
234.0,0.6408595161290322,0.20708776129032258,0.3093295806451613,0.26036040000000005,0.4851416516129032,0.232620664516129
235.0,0.6450880161290322,0.2062579612903226,0.3089580806451613,0.2582152,0.4850855516129032,0.23351386451612902
236.0,0.6493165161290323,0.2054281612903226,0.30858658064516126,0.25607,0.4850294516129032,0.23440706451612903
237.0,0.6535450161290323,0.20459836129032258,0.30821508064516123,0.2539248,0.48497335161290317,0.235300264516129
238.0,0.6577735161290322,0.2037685612903226,0.30784358064516126,0.2517796,0.4849172516129031,0.23619346451612905
239.0,0.6620020161290323,0.20293876129032257,0.3074720806451613,0.24963439999999998,0.4848611516129032,0.23708666451612903
240.0,0.6662305161290323,0.20210896129032258,0.3071005806451612,0.24748920000000002,0.4848050516129032,0.237979864516129
241.0,0.6628946290322582,0.20160649032258066,0.3107927193548387,0.2538072774193548,0.4853297,0.24729587741935483
242.0,0.6557765483870968,0.20126768387096775,0.3165166774193548,0.2643569935483871,0.4861447225806451,0.2608232967741935
243.0,0.646767370967742,0.20101070967741935,0.3232565451612903,0.2770225290322581,0.4871049322580645,0.27645641935483867
244.0,0.6368126451612903,0.20079465161290322,0.3305043677419355,0.2907459741935484,0.48813773548387096,0.29314239354838706
245.0,0.6263851451612903,0.2005990516129032,0.3380061677419355,0.30499837419354836,0.4892068354838709,0.310354793548387
246.0,0.6159576451612904,0.2004034516129032,0.3455079677419355,0.3192507741935484,0.49027593548387094,0.32756719354838704
247.0,0.6055301451612904,0.20020785161290322,0.3530097677419355,0.33350317419354836,0.4913450354838709,0.34477959354838705
248.0,0.5951026451612903,0.2000122516129032,0.3605115677419355,0.3477555741935484,0.4924141354838709,0.36199199354838707
249.0,0.5846751451612904,0.1998166516129032,0.3680133677419355,0.36200797419354835,0.4934832354838709,0.3792043935483871
250.0,0.5742476451612903,0.19962105161290322,0.3755151677419355,0.3762603741935484,0.49455233548387095,0.3964167935483871
251.0,0.5720646870967743,0.20134431612903225,0.37728907096774195,0.37990090322580644,0.49508027419354833,0.40777845806451607
252.0,0.5740040000000001,0.20402701290322578,0.3761990258064516,0.37823549677419355,0.4953376322580645,0.4162147548387096
253.0,0.5780044483870967,0.2071894258064516,0.3736770064516129,0.37391712258064513,0.49545969999999995,0.42318836774193547
254.0,0.5830354645161291,0.21059169677419354,0.37043899999999996,0.36827226451612904,0.4955141225806451,0.42943063870967735
255.0,0.5885817645161291,0.21411389677419354,0.36684300000000003,0.361964164516129,0.4955347225806451,0.43530723870967736
256.0,0.594128064516129,0.21763609677419354,0.363247,0.355656064516129,0.49555532258064516,0.44118383870967737
257.0,0.599674364516129,0.22115829677419355,0.35965099999999994,0.34934796451612904,0.49557592258064515,0.4470604387096774
258.0,0.6052206645161289,0.22468049677419355,0.35605499999999995,0.343039864516129,0.4955965225806452,0.45293703870967733
259.0,0.610766964516129,0.22820269677419355,0.35245899999999997,0.336731764516129,0.49561712258064516,0.4588136387096774
260.0,0.6163132645161289,0.23172489677419356,0.3488629999999999,0.33042366451612903,0.49563772258064515,0.46469023870967735
261.0,0.6169930870967741,0.2389781935483871,0.3461884967741935,0.32946343548387097,0.4956277161290322,0.45887579354838703
262.0,0.6152396709677419,0.24809703870967742,0.34397474193548383,0.33117714193548387,0.4956024064516129,0.4472158258064516
263.0,0.6122696354838708,0.25814865806451615,0.34199136129032254,0.33422781612903224,0.4955694451612903,0.4326330967741935
264.0,0.6086912903225805,0.26866666451612903,0.34012316774193546,0.33794697419354836,0.49553265806451613,0.41658898709677417
265.0,0.6048087903225806,0.27941786451612904,0.3383125677419354,0.34200037419354834,0.4954939580645161,0.3998141870967742
266.0,0.6009262903225806,0.290169064516129,0.3365019677419354,0.34605377419354844,0.4954552580645162,0.38303938709677415
267.0,0.5970437903225807,0.30092026451612897,0.3346913677419354,0.3501071741935484,0.4954165580645162,0.3662645870967742
268.0,0.5931612903225807,0.31167146451612904,0.3328807677419355,0.3541605741935484,0.4953778580645162,0.34948978709677414
269.0,0.5892787903225807,0.322422664516129,0.3310701677419355,0.3582139741935484,0.4953391580645161,0.33271498709677416
270.0,0.5853962903225807,0.33317386451612896,0.32925956774193543,0.3622673741935484,0.49530045806451617,0.3159401870967742
271.0,0.5891835193548387,0.3333951032258064,0.327892064516129,0.35974069677419357,0.49504632580645164,0.3150885870967741
272.0,0.5968056129032258,0.3283513612903225,0.32674610967741935,0.3539239806451613,0.49468447741935484,0.3221985870967742
273.0,0.6063451387096774,0.32067512903225803,0.32571092903225807,0.3464622451612903,0.4942687709677419,0.33328938709677425
274.0,0.6168433806451612,0.3116826516129032,0.32473113548387095,0.33817800000000003,0.493826135483871,0.3463705870967742
275.0,0.6278209806451612,0.3020320516129032,0.323779035483871,0.3294825,0.49337003548387093,0.36044698709677425
276.0,0.6387985806451613,0.2923814516129032,0.3228269354838709,0.32078700000000004,0.49291393548387097,0.37452338709677424
277.0,0.6497761806451612,0.28273085161290323,0.32187483548387097,0.3120915,0.49245783548387095,0.38859978709677423
278.0,0.6607537806451613,0.27308025161290317,0.32092273548387096,0.303396,0.49200173548387094,0.4026761870967742
279.0,0.6717313806451612,0.2634296516129032,0.31997063548387095,0.29470050000000003,0.4915456354838709,0.4167525870967742
280.0,0.6827089806451613,0.2537790516129032,0.31901853548387094,0.286005,0.4910895354838709,0.4308289870967742
281.0,0.6823450064516129,0.24748236129032256,0.31897822903225803,0.28389561612903225,0.49100922903225797,0.4359317096774194
282.0,0.6763102451612902,0.2428626258064516,0.3193938193548387,0.2850792903225806,0.49111681935483864,0.4365475935483871
283.0,0.6674400903225806,0.23908136774193545,0.32003735806451616,0.28790949354838713,0.49131835806451607,0.43492005806451617
284.0,0.6571522387096773,0.23571934838709677,0.32079487096774195,0.2915629612903226,0.4915668709677419,0.43217081290322584
285.0,0.6461555387096773,0.23256694838709674,0.3216093709677419,0.2956280612903226,0.4918388709677419,0.4288607129032258
286.0,0.6351588387096774,0.22941454838709677,0.32242387096774194,0.29969316129032253,0.4921108709677419,0.4255506129032258
287.0,0.6241621387096774,0.2262621483870968,0.323238370967742,0.3037582612903226,0.4923828709677419,0.42224051290322584
288.0,0.6131654387096774,0.2231097483870968,0.32405287096774194,0.3078233612903226,0.49265487096774196,0.41893041290322586
289.0,0.6021687387096772,0.2199573483870968,0.32486737096774193,0.3118884612903226,0.492926870967742,0.4156203129032258
290.0,0.5911720387096773,0.2168049483870968,0.3256818709677419,0.3159535612903226,0.49319887096774195,0.4123102129032258
291.0,0.5817030806451612,0.2147091677419355,0.32556775161290324,0.31558459677419354,0.49313755483870975,0.4132316483870968
292.0,0.572997993548387,0.2131416967741936,0.32498932258064517,0.3129986,0.4929095806451613,0.4162688516129032
293.0,0.5646748419354838,0.2118383806451613,0.3241787387096774,0.3093040870967742,0.4925982774193549,0.4203639387096774
294.0,0.5565426580645161,0.21066714193548391,0.3232520774193548,0.30505531612903225,0.4922453096774194,0.4249879677419355
295.0,0.548505958064516,0.2095619419354839,0.32226737741935485,0.3005294161290323,0.4918715096774194,0.42987646774193544
296.0,0.5404692580645161,0.20845674193548389,0.3212826774193548,0.29600351612903225,0.49149770967741935,0.4347649677419355
297.0,0.5324325580645162,0.20735154193548389,0.32029797741935484,0.2914776161290323,0.49112390967741937,0.4396534677419355
298.0,0.524395858064516,0.20624634193548386,0.3193132774193548,0.28695171612903225,0.4907501096774194,0.44454196774193544
299.0,0.516359158064516,0.20514114193548386,0.31832857741935483,0.2824258161290323,0.4903763096774194,0.4494304677419354
300.0,0.508322458064516,0.20403594193548386,0.3173438774193548,0.27789991612903225,0.4900025096774194,0.4543189677419354
301.0,0.503726687096774,0.21316800645161288,0.3170275129032257,0.27601680322580646,0.4901107225806452,0.45781164838709676
302.0,0.5008513806451612,0.22741870322580643,0.3170453161290322,0.27545508387096773,0.49045994193548387,0.46060641935483865
303.0,0.49883630645161287,0.24422871612903221,0.3172302032258064,0.27555406129032256,0.49092966451612907,0.4630522354838709
304.0,0.4972513483870967,0.26231838709677413,0.31749863225806446,0.27598338709677417,0.4914596387096774,0.46532357419354836
305.0,0.4958814483870968,0.28104788709677414,0.31780883225806444,0.2765778870967742,0.4920197387096774,0.4675076741935484
306.0,0.49451154838709677,0.29977738709677415,0.3181190322580645,0.27717238709677416,0.49257983870967736,0.46969177419354835
307.0,0.4931416483870968,0.3185068870967742,0.31842923225806447,0.2777668870967742,0.49313993870967743,0.4718758741935484
308.0,0.49177174838709675,0.33723638709677417,0.31873943225806445,0.27836138709677416,0.4937000387096774,0.4740599741935484
309.0,0.4904018483870968,0.3559658870967742,0.3190496322580645,0.2789558870967742,0.4942601387096774,0.4762440741935484
310.0,0.48903194838709674,0.3746953870967742,0.3193598322580644,0.27955038709677416,0.4948202387096774,0.4784281741935484
311.0,0.5018853258064515,0.40408480967741933,0.31945893548387094,0.2794052225806451,0.4947905580645161,0.48258997741935483
312.0,0.5218503419354839,0.43880419354838707,0.3194524903225806,0.2788902258064516,0.49446598709677414,0.4877406322580645
313.0,0.5453711774193548,0.4761885580645161,0.3193932709677419,0.2781903129032258,0.4939939709677419,0.49338571290322586
314.0,0.5706699225806451,0.5149054129032258,0.319307664516129,0.2773979419354839,0.49344823225806445,0.4992780064516129
315.0,0.5968576225806452,0.5542885129032258,0.319208864516129,0.27655934193548387,0.49286563225806446,0.5052939064516129
316.0,0.6230453225806452,0.5936716129032258,0.319110064516129,0.27572074193548385,0.49228303225806447,0.5113098064516128
317.0,0.6492330225806451,0.6330547129032258,0.31901126451612904,0.2748821419354839,0.4917004322580645,0.5173257064516128
318.0,0.6754207225806451,0.6724378129032258,0.31891246451612904,0.27404354193548386,0.4911178322580645,0.5233416064516129
319.0,0.7016084225806452,0.7118209129032258,0.318813664516129,0.27320494193548384,0.4905352322580645,0.529357506451613
320.0,0.7277961225806451,0.7512040129032258,0.31871486451612907,0.27236634193548387,0.4899526322580645,0.5353734064516129
321.0,0.7341851129032257,0.7545546483870968,0.31843123870967743,0.2727616,0.48988141290322584,0.5356586741935483
322.0,0.7306747483870968,0.7398890516129033,0.3180552,0.27377378709677413,0.4900658838709677,0.5330786258064515
323.0,0.7222147064516129,0.7162153387096775,0.3176329548387097,0.2750944387096774,0.4903782,0.5290659193548387
324.0,0.7112798258064515,0.6880375677419355,0.3171876064516129,0.27656932258064515,0.4907544387096774,0.5243368838709678
325.0,0.6991075258064516,0.6576077677419354,0.31673070645161294,0.27812132258064515,0.49116263870967736,0.5192496838709677
326.0,0.6869352258064516,0.6271779677419356,0.31627380645161296,0.27967332258064515,0.4915708387096774,0.5141624838709677
327.0,0.6747629258064516,0.5967481677419355,0.3158169064516129,0.28122532258064514,0.4919790387096774,0.5090752838709678
328.0,0.6625906258064516,0.5663183677419354,0.31536000645161294,0.28277732258064514,0.4923872387096774,0.5039880838709677
329.0,0.6504183258064515,0.5358885677419355,0.3149031064516129,0.28432932258064514,0.4927954387096774,0.49890088387096776
330.0,0.6382460258064515,0.5054587677419354,0.3144462064516129,0.28588132258064514,0.49320363870967737,0.49381368387096775
331.0,0.6298765129032258,0.4783643483870968,0.3156296677419355,0.2895677225806451,0.49356239354838705,0.4917776322580645
332.0,0.6234083935483871,0.45293761935483867,0.3176333096774194,0.29432132258064514,0.4938964258064516,0.49126715483870964
333.0,0.6178909709677418,0.4283447354838709,0.3200470419354839,0.2996085225806452,0.49421809677419354,0.49151946451612905
334.0,0.6128488967741935,0.40416877419354835,0.32266581935483873,0.30516252258064513,0.4945335870967742,0.49215316774193546
335.0,0.6080444967741936,0.3802012741935484,0.32538711935483877,0.31084992258064514,0.4948459870967742,0.49297756774193546
336.0,0.6032400967741935,0.3562337741935484,0.32810841935483875,0.31653732258064515,0.4951583870967742,0.4938019677419354
337.0,0.5984356967741935,0.33226627419354837,0.33082971935483874,0.32222472258064516,0.49547078709677417,0.49462636774193547
338.0,0.5936312967741936,0.30829877419354834,0.3335510193548387,0.32791212258064517,0.49578318709677416,0.49545076774193547
339.0,0.5888268967741935,0.28433127419354837,0.3362723193548387,0.3335995225806452,0.49609558709677415,0.4962751677419354
340.0,0.5840224967741935,0.2603637741935484,0.33899361935483874,0.3392869225806452,0.4964079870967742,0.4970995677419354
341.0,0.5808176838709678,0.24706584838709678,0.3400503,0.3390532903225807,0.49627610322580645,0.4881435806451613
342.0,0.5784126645161289,0.2391027096774193,0.34027467096774194,0.3358591419354839,0.4959220774193548,0.4742974
343.0,0.5764075419354838,0.23380696451612903,0.34008288709677426,0.33118473548387095,0.49545698064516125,0.4580061225806451
344.0,0.5746023677419354,0.22984491612903224,0.3396830258064516,0.3257702,0.4949363483870967,0.4404922967741935
345.0,0.5728971677419354,0.22654971612903224,0.33917912580645165,0.3199856,0.49438794838709677,0.42236719677419354
346.0,0.5711919677419355,0.22325451612903224,0.3386752258064516,0.314201,0.4938395483870967,0.40424209677419354
347.0,0.5694867677419355,0.21995931612903225,0.3381713258064516,0.3084164,0.49329114838709676,0.38611699677419353
348.0,0.5677815677419356,0.21666411612903225,0.3376674258064516,0.3026318,0.4927427483870967,0.3679918967741935
349.0,0.5660763677419355,0.21336891612903225,0.33716352580645165,0.2968472,0.49219434838709675,0.3498667967741935
350.0,0.5643711677419355,0.21007371612903225,0.3366596258064516,0.29106259999999995,0.4916459483870967,0.3317416967741935
351.0,0.5647924709677419,0.20838538064516127,0.3348126032258064,0.28751041290322576,0.49139824516129027,0.32704777096774196
352.0,0.5662770258064516,0.20750047741935485,0.3322940193548387,0.2850744322580645,0.49130089032258056,0.3290694322580645
353.0,0.568293206451613,0.20701729032258062,0.3294396548387097,0.28319655483870965,0.49127870967741927,0.3344488870967742
354.0,0.5705752,0.20673496129032257,0.32641739999999997,0.28159772903225805,0.49129411612903223,0.34150723870967736
355.0,0.5729901,0.20655306129032258,0.3233112,0.28013842903225805,0.49132831612903216,0.34940503870967743
356.0,0.5754049999999999,0.20637116129032257,0.320205,0.278679129032258,0.49136251612903215,0.3573028387096774
357.0,0.5778198999999999,0.20618926129032256,0.31709879999999996,0.27721982903225806,0.4913967161290322,0.36520063870967745
358.0,0.5802347999999999,0.20600736129032254,0.31399259999999996,0.275760529032258,0.4914309161290322,0.3730984387096774
359.0,0.5826496999999999,0.20582546129032256,0.31088639999999995,0.27430122903225806,0.4914651161290322,0.38099623870967736
360.0,0.5850645999999999,0.20564356129032255,0.30778019999999995,0.272841929032258,0.4914993161290322,0.3888940387096774
361.0,0.5896459516129031,0.20907368709677415,0.3081193161290322,0.2750435838709677,0.49179416129032255,0.39860701290322575
362.0,0.595310529032258,0.21430982580645158,0.31018109032258057,0.27907571612903226,0.492219329032258,0.4092275741935484
363.0,0.6015167193548387,0.2204489709677419,0.3131041935483871,0.28402308709677415,0.49270965806451605,0.42030192903225805
364.0,0.6079937161290323,0.22703961935483868,0.31645796129032255,0.28942807741935483,0.4932325677419354,0.43160318064516123
365.0,0.6146061161290323,0.2338560193548387,0.32002706129032255,0.2950618774193548,0.49377176774193543,0.44301788064516123
366.0,0.6212185161290322,0.24067241935483868,0.32359616129032254,0.30069567741935477,0.4943109677419354,0.45443258064516123
367.0,0.6278309161290323,0.2474888193548387,0.32716526129032253,0.3063294774193548,0.4948501677419354,0.46584728064516123
368.0,0.6344433161290324,0.25430521935483874,0.3307343612903225,0.3119632774193548,0.4953893677419354,0.47726198064516123
369.0,0.6410557161290323,0.26112161935483874,0.33430346129032257,0.31759707741935483,0.49592856774193544,0.48867668064516123
370.0,0.6476681161290323,0.26793801935483874,0.33787256129032256,0.3232308774193548,0.49646776774193546,0.5000913806451612
371.0,0.6505131870967742,0.27071462580645167,0.33988692580645163,0.32762457419354835,0.4965243354838709,0.502367035483871
372.0,0.6514745935483872,0.271471335483871,0.34112392258064517,0.3313982193548387,0.49633958709677417,0.5000731677419354
373.0,0.6514941677419355,0.2712180967741935,0.34197223548387096,0.3348618387096774,0.49603418064516125,0.49549453870967736
374.0,0.6510428258064516,0.27045988387096775,0.3426262064516129,0.33817044516129025,0.49566844516129027,0.489773529032258
375.0,0.6503560258064516,0.2694491838709677,0.3431830064516129,0.3414015451612903,0.49527254516129027,0.48348132903225804
376.0,0.6496692258064516,0.26843848387096775,0.34373980645161295,0.34463264516129033,0.49487664516129026,0.4771891290322581
377.0,0.6489824258064516,0.2674277838709678,0.3442966064516129,0.3478637451612903,0.4944807451612903,0.470896929032258
378.0,0.6482956258064516,0.26641708387096774,0.3448534064516129,0.3510948451612903,0.49408484516129025,0.4646047290322581
379.0,0.6476088258064516,0.2654063838709677,0.3454102064516129,0.3543259451612903,0.4936889451612903,0.45831252903225805
380.0,0.6469220258064516,0.2643956838709678,0.34596700645161294,0.3575570451612903,0.49329304516129024,0.4520203290322581
381.0,0.6403694709677419,0.26300144838709677,0.34549268387096777,0.3572778999999999,0.49315608709677416,0.44235765161290325
382.0,0.6308840387096775,0.26141544516129034,0.3445028,0.3552436322580645,0.49314859999999994,0.431009735483871
383.0,0.6199321677419354,0.25973355806451615,0.343255135483871,0.3523318032258065,0.4932058483870967,0.4188192
384.0,0.6082470774193548,0.25800372903225804,0.3418785806451613,0.3489811935483871,0.493295464516129,0.4062073548387097
385.0,0.5961953774193548,0.2562499290322581,0.3404375806451613,0.34541119354838706,0.493401264516129,0.39338485483870966
386.0,0.5841436774193548,0.25449612903225804,0.3389965806451613,0.3418411935483871,0.493507064516129,0.3805623548387097
387.0,0.5720919774193548,0.252742329032258,0.3375555806451613,0.3382711935483871,0.49361286451612896,0.36773985483870963
388.0,0.5600402774193549,0.25098852903225805,0.33611458064516125,0.33470119354838707,0.493718664516129,0.3549173548387097
389.0,0.5479885774193548,0.24923472903225805,0.3346735806451613,0.33113119354838705,0.493824464516129,0.34209485483870966
390.0,0.5359368774193548,0.24748092903225802,0.33323258064516126,0.3275611935483871,0.493930264516129,0.32927235483870965
391.0,0.5318594741935483,0.24469709032258063,0.33176871612903225,0.32332538709677416,0.49350610322580646,0.32361341612903227
392.0,0.5317692193548387,0.24139823225806448,0.3302934193548387,0.3187566774193549,0.49281696129032254,0.3215362580645161
393.0,0.5336725387096775,0.237841864516129,0.3288124064516129,0.3140215161290323,0.491995329032258,0.3212499903225806
394.0,0.5365726451612903,0.23415674193548386,0.327328535483871,0.30920312903225805,0.49110745161290315,0.32185916774193546
395.0,0.5399711451612903,0.23040724193548384,0.32584323548387095,0.304343129032258,0.4901864516129032,0.3229160677419355
396.0,0.5433696451612904,0.22665774193548385,0.32435793548387093,0.29948312903225804,0.48926545161290325,0.32397296774193546
397.0,0.5467681451612902,0.22290824193548386,0.32287263548387096,0.29462312903225807,0.48834445161290324,0.32502986774193543
398.0,0.5501666451612903,0.21915874193548388,0.32138733548387094,0.2897631290322581,0.48742345161290324,0.32608676774193546
399.0,0.5535651451612904,0.21540924193548386,0.319902035483871,0.284903129032258,0.4865024516129032,0.3271436677419355
400.0,0.5569636451612903,0.21165974193548387,0.31841673548387095,0.28004312903225803,0.4855814516129032,0.32820056774193546
401.0,0.5635048835125448,0.21020010573476702,0.31819708136200714,0.2769185268817204,0.4854305161290322,0.33473359103942646
402.0,0.5716174910394265,0.20988540143369178,0.31861025017921146,0.27466162365591396,0.48566461290322577,0.34400467598566303
403.0,0.5805157831541219,0.21014316308243727,0.3193398304659498,0.2728385698924731,0.4860912258064516,0.3546447917562724
404.0,0.5898069175627241,0.2106871577060932,0.3202276164874552,0.27123244086021503,0.48661409677419354,0.3659694229390681
405.0,0.5992944731182797,0.21137426881720428,0.3211945053763441,0.2697347741935484,0.48718509677419347,0.377636311827957
406.0,0.6087820286738352,0.21206137992831536,0.322161394265233,0.26823710752688174,0.48775609677419346,0.3893032007168459
407.0,0.6182695842293907,0.2127484910394265,0.32312828315412184,0.26673944086021506,0.48832709677419345,0.4009700896057348
408.0,0.6277571397849463,0.2134356021505376,0.32409517204301075,0.2652417741935484,0.4888980967741935,0.41263697849462366
409.0,0.6372446953405018,0.21412271326164872,0.32506206093189965,0.2637441075268817,0.4894690967741935,0.42430386738351256
410.0,0.6439928157706094,0.21563815412186377,0.3250652394265233,0.265108823655914,0.4898455161290322,0.43476090394265243
411.0,0.6493712186379929,0.2175677598566308,0.32458656272401437,0.2679047311827957,0.4901246451612903,0.4446130143369176
412.0,0.6540647627240144,0.21970444802867378,0.3238669584229391,0.27141623440860213,0.490355129032258,0.4541626616487455
413.0,0.6584158774193548,0.2219446774193548,0.3230268903225806,0.27528553548387097,0.49056129032258056,0.4635610774193549
414.0,0.6625957774193549,0.22423667741935482,0.3221265903225806,0.27933373548387097,0.4907552903225806,0.4728838774193549
415.0,0.6667756774193548,0.2265286774193548,0.32122629032258065,0.2833819354838709,0.4909492903225806,0.4822066774193549
416.0,0.6709555774193549,0.2288206774193548,0.32032599032258063,0.2874301354838709,0.49114329032258064,0.49152947741935493
417.0,0.6751354774193548,0.23111267741935482,0.3194256903225806,0.2914783354838709,0.4913372903225806,0.5008522774193549
418.0,0.6793153774193548,0.23340467741935483,0.31852539032258065,0.29552653548387087,0.4915312903225806,0.5101750774193549
419.0,0.6834952774193548,0.23569667741935482,0.3176250903225807,0.2995747354838709,0.4917252903225806,0.5194978774193548
420.0,0.6741426870967742,0.23667992903225807,0.31948721612903225,0.30607800645161287,0.49175087741935486,0.5232142774193549
421.0,0.6580238516129032,0.23700880645161287,0.32273055483870966,0.31380881290322576,0.4916922580645161,0.5241274774193548
422.0,0.6385218935483871,0.23701049677419356,0.32666449999999997,0.32215338709677416,0.4915915354838709,0.5236390774193549
423.0,0.6173283741935482,0.2368485935483871,0.3309437483870967,0.3308048451612903,0.49146976129032255,0.5224498774193549
424.0,0.5952890741935483,0.2366048935483871,0.3353956483870968,0.3396097451612903,0.4913374612903226,0.5209102774193548
425.0,0.5732497741935483,0.2363611935483871,0.33984754838709674,0.3484146451612903,0.49120516129032255,0.5193706774193548
426.0,0.5512104741935483,0.2361174935483871,0.3442994483870967,0.3572195451612903,0.49107286129032257,0.5178310774193549
427.0,0.5291711741935483,0.2358737935483871,0.3487513483870967,0.3660244451612903,0.4909405612903226,0.5162914774193548
428.0,0.5071318741935483,0.2356300935483871,0.3532032483870967,0.3748293451612903,0.49080826129032257,0.5147518774193548
429.0,0.48509257419354834,0.2353863935483871,0.3576551483870967,0.3836342451612903,0.49067596129032254,0.5132122774193548
430.0,0.4781052483870967,0.23527255161290325,0.35975153870967735,0.3874443064516129,0.4909765387096774,0.5058442903225806
431.0,0.4786439096774193,0.23522363870967744,0.3606701741935483,0.38875694838709673,0.4914935548387096,0.4955621096774193
432.0,0.482945564516129,0.23520719032258067,0.3609999322580645,0.3888208806451613,0.4921187903225806,0.48382283225806444
433.0,0.48912871612903225,0.2352069741935484,0.3610352516129032,0.38826045806451615,0.49279813548387097,0.4713550064516129
434.0,0.49625261612903226,0.23521487419354842,0.36092335161290323,0.38738785806451614,0.49350453548387097,0.45852290645161287
435.0,0.5033765161290322,0.23522277419354842,0.3608114516129032,0.38651525806451614,0.49421093548387096,0.44569080645161285
436.0,0.5105004161290323,0.23523067419354843,0.3606995516129032,0.3856426580645161,0.49491733548387096,0.43285870645161284
437.0,0.5176243161290323,0.23523857419354843,0.3605876516129032,0.38477005806451614,0.49562373548387095,0.4200266064516128
438.0,0.5247482161290322,0.2352464741935484,0.36047575161290313,0.38389745806451614,0.49633013548387095,0.4071945064516129
439.0,0.5318721161290323,0.23525437419354842,0.3603638516129032,0.38302485806451614,0.49703653548387094,0.3943624064516129
440.0,0.5350975387096775,0.23686820967741937,0.36061995161290317,0.3808620387096774,0.49735718064516127,0.3860813774193548
441.0,0.5363737225806451,0.23928501290322582,0.3610600516129032,0.37805410967741937,0.4974849483870968,0.38007588387096775
442.0,0.5366752870967741,0.24210330000000002,0.3615921516129032,0.3749236258064516,0.4975162774193548,0.37520815806451613
443.0,0.5364895419354838,0.24512232903225806,0.36217025161290317,0.371631864516129,0.49749938709677416,0.3709093161290322
444.0,0.5360601419354839,0.24824172903225805,0.3627713516129032,0.368259464516129,0.49745838709677415,0.36689491612903224
445.0,0.535630741935484,0.25136112903225805,0.3633724516129032,0.36488706451612907,0.4974173870967742,0.3628805161290322
446.0,0.535201341935484,0.25448052903225804,0.3639735516129032,0.361514664516129,0.4973763870967742,0.35886611612903224
447.0,0.5347719419354839,0.25759992903225803,0.3645746516129032,0.35814226451612907,0.49733538709677416,0.3548517161290322
448.0,0.5343425419354839,0.2607193290322581,0.36517575161290317,0.354769864516129,0.49729438709677415,0.35083731612903224
449.0,0.5339131419354839,0.263838729032258,0.3657768516129032,0.3513974645161291,0.49725338709677414,0.3468229161290322
450.0,0.5268797161290322,0.2637776387096774,0.36388515161290325,0.3475171935483871,0.49674296774193544,0.35147654193548383
451.0,0.5165442774193547,0.26212630322580643,0.3607470516129032,0.3433829870967742,0.4959978387096774,0.3604641806451613
452.0,0.5045578322580645,0.25967984516129033,0.3569857516129032,0.3391218129032258,0.49513535483870963,0.3716188258064516
453.0,0.49174588387096774,0.2568358258064516,0.3529128516129032,0.33479715483870964,0.4942141935483871,0.38385697419354836
454.0,0.47852118387096765,0.25379302580645163,0.34868415161290317,0.3304407548387097,0.4932636935483871,0.39663687419354837
455.0,0.46529648387096767,0.2507502258064516,0.3444554516129032,0.3260843548387097,0.4923131935483871,0.4094167741935484
456.0,0.4520717838709677,0.2477074258064516,0.34022675161290317,0.3217279548387097,0.49136269354838713,0.42219667419354834
457.0,0.4388470838709677,0.2446646258064516,0.3359980516129032,0.3173715548387097,0.4904121935483871,0.4349765741935484
458.0,0.42562238387096774,0.24162182580645158,0.3317693516129032,0.3130151548387097,0.48946169354838714,0.44775647419354836
459.0,0.41239768387096776,0.23857902580645163,0.32754065161290324,0.3086587548387097,0.4885111935483871,0.4605363741935484
460.0,0.41111780967741934,0.24379010967741935,0.3263548935483871,0.3063844709677419,0.4879399967741936,0.46748494516129036
461.0,0.41581034838709674,0.2531281354838709,0.3266906064516129,0.30515124516129033,0.4875584516129033,0.47151785161290327
462.0,0.42348909354838704,0.2645296322580645,0.3277870548387096,0.30443854838709683,0.4872717322580645,0.47409292580645157
463.0,0.4326609419354839,0.27696286451612906,0.3292638709677419,0.30398611612903226,0.4870324258064516,0.4759390838709678
464.0,0.44257934193548387,0.289911964516129,0.33093087096774193,0.30366381612903226,0.4868168258064516,0.47742078387096776
465.0,0.45249774193548387,0.30286106451612904,0.33259787096774185,0.30334151612903226,0.4866012258064516,0.47890248387096773
466.0,0.46241614193548386,0.315810164516129,0.33426487096774193,0.30301921612903226,0.48638562580645156,0.4803841838709677
467.0,0.47233454193548385,0.328759264516129,0.3359318709677419,0.30269691612903227,0.48617002580645163,0.48186588387096774
468.0,0.48225294193548385,0.34170836451612907,0.3375988709677419,0.30237461612903227,0.48595442580645165,0.48334758387096777
469.0,0.49217134193548384,0.35465746451612906,0.3392658709677419,0.30205231612903227,0.4857388258064516,0.48482928387096774
470.0,0.4999396516129032,0.37171835806451614,0.33999377419354837,0.30158070000000003,0.4856856516129032,0.48991155161290323
471.0,0.5066329161290322,0.39083514838709676,0.34025212903225804,0.3010344258064517,0.48571369032258066,0.4967941032258064
472.0,0.5127886580645161,0.4109798870967742,0.3402757096774193,0.30045082258064515,0.48578233548387095,0.5045767967741935
473.0,0.5186756387096774,0.43163860000000004,0.34018190322580644,0.29984855483870965,0.4858712838709677,0.5128095612903225
474.0,0.5244282387096774,0.45255429999999996,0.34002940322580644,0.29923695483870966,0.4859703838709677,0.5212673612903225
475.0,0.5301808387096774,0.47347,0.33987690322580644,0.29862535483870967,0.4860694838709677,0.5297251612903225
476.0,0.5359334387096775,0.4943857,0.33972440322580644,0.29801375483870973,0.4861685838709677,0.5381829612903226
477.0,0.5416860387096774,0.5153014,0.33957190322580644,0.2974021548387097,0.4862676838709677,0.5466407612903226
478.0,0.5474386387096773,0.5362171,0.33941940322580644,0.29679055483870964,0.48636678387096766,0.5550985612903225
479.0,0.5531912387096773,0.5571328,0.33926690322580644,0.29617895483870965,0.4864658838709677,0.5635563612903225
480.0,0.5519962258064515,0.5792360612903227,0.3387604419354838,0.2943774193548387,0.4863710741935483,0.5650267032258065
481.0,0.5473274064516128,0.6019331032258064,0.33807699999999996,0.2919809161290322,0.4861793096774193,0.5630033161290322
482.0,0.5409216838709676,0.624927035483871,0.33730506774193547,0.28928692903225806,0.48593906774193546,0.559233064516129
483.0,0.5336475096774193,0.6480694129032258,0.3364888903225806,0.2864441999999999,0.48567458709677414,0.5545893806451614
484.0,0.5259391096774193,0.6712860129032259,0.3356505903225806,0.2835271,0.4853979870967742,0.5495089806451613
485.0,0.5182307096774192,0.6945026129032258,0.33481229032258064,0.28060999999999997,0.48512138709677416,0.5444285806451612
486.0,0.5105223096774193,0.7177192129032258,0.33397399032258057,0.27769289999999996,0.4848447870967742,0.5393481806451612
487.0,0.5028139096774193,0.7409358129032259,0.3331356903225806,0.2747758,0.4845681870967742,0.5342677806451612
488.0,0.4951055096774193,0.7641524129032258,0.33229739032258065,0.2718587,0.4842915870967742,0.5291873806451612
489.0,0.48739710967741934,0.7873690129032258,0.3314590903225806,0.2689416,0.48401498709677426,0.5241069806451613
490.0,0.4897508516129032,0.7838143096774193,0.33607224838709676,0.28004720967741936,0.48521121290322583,0.5108979096774193
491.0,0.497135664516129,0.7668739548387098,0.343411135483871,0.29816417419354835,0.48714385161290324,0.4936245032258065
492.0,0.5070360129032259,0.7432407741935484,0.35211288709677413,0.31978681612903226,0.48944469677419356,0.4743189290322581
493.0,0.518194129032258,0.7162611806451613,0.3614960709677419,0.3431622967741935,0.49192964516129034,0.4539972709677419
494.0,0.529981129032258,0.6876083806451614,0.3712199709677419,0.3674141967741935,0.49450664516129034,0.43316757096774194
495.0,0.5417681290322581,0.6589555806451614,0.3809438709677419,0.39166609677419356,0.4970836451612903,0.41233787096774194
496.0,0.5535551290322581,0.6303027806451613,0.3906677709677419,0.4159179967741936,0.4996606451612903,0.39150817096774193
497.0,0.5653421290322581,0.6016499806451614,0.4003916709677419,0.4401698967741936,0.5022376451612902,0.37067847096774187
498.0,0.5771291290322582,0.5729971806451613,0.41011557096774187,0.4644217967741936,0.5048146451612903,0.3498487709677419
499.0,0.5889161290322582,0.5443443806451613,0.4198394709677419,0.4886736967741936,0.5073916451612903,0.32901907096774186
500.0,0.5948723677419356,0.5260658258064517,0.4203185709677419,0.4932209258064517,0.5076862193548386,0.32480082903225804
501.0,0.5979132258064517,0.512974393548387,0.4161752709677419,0.48791581935483874,0.5068395806451612,0.32888831612903224
502.0,0.5994963935483872,0.5024765225806451,0.40972077096774184,0.47768454516129033,0.5054223354838709,0.33712866774193545
503.0,0.6003507161290322,0.4932754322580645,0.4021106709677419,0.46499018709677425,0.5037197870967741,0.3474454516129032
504.0,0.6008406161290323,0.4847227322580645,0.39392277096774186,0.45106428709677426,0.5018745870967741,0.3588004516129032
505.0,0.6013305161290323,0.4761700322580645,0.3857348709677419,0.4371383870967742,0.5000293870967741,0.3701554516129032
506.0,0.6018204161290323,0.46761733225806446,0.37754697096774187,0.4232124870967742,0.49818418709677414,0.3815104516129032
507.0,0.6023103161290323,0.4590646322580645,0.3693590709677419,0.40928658709677423,0.49633898709677415,0.3928654516129032
508.0,0.6028002161290322,0.4505119322580645,0.3611711709677419,0.3953606870967742,0.49449378709677416,0.4042204516129032
509.0,0.6032901161290323,0.44195923225806444,0.35298327096774185,0.3814347870967742,0.49264858709677417,0.4155754516129032
510.0,0.5926773580645162,0.45278516451612894,0.3486096161290322,0.37242542903225806,0.4971584838709677,0.422320129032258
511.0,0.5765132709677419,0.4733004129032257,0.3461430838709677,0.36587434193548385,0.504845929032258,0.4267596451612903
512.0,0.5575735193548386,0.4986603193548387,0.3446301129032258,0.36055239032258063,0.5141221483870968,0.43004658064516127
513.0,0.537245935483871,0.5264425548387097,0.34359392258064514,0.3558450064516129,0.5241927548387096,0.4327572258064516
514.0,0.516224435483871,0.5554359548387097,0.3427961225806451,0.35144490645161286,0.5346605548387096,0.4351797258064516
515.0,0.49520293548387095,0.5844293548387096,0.34199832258064516,0.34704480645161284,0.5451283548387096,0.43760222580645164
516.0,0.47418143548387093,0.6134227548387097,0.34120052258064515,0.3426447064516129,0.5555961548387096,0.4400247258064516
517.0,0.45315993548387096,0.6424161548387097,0.34040272258064513,0.3382446064516129,0.5660639548387096,0.44244722580645157
518.0,0.432138435483871,0.6714095548387097,0.3396049225806451,0.3338445064516129,0.5765317548387097,0.4448697258064516
519.0,0.41111693548387096,0.7004029548387096,0.33880712258064516,0.3294444064516129,0.5869995548387096,0.4472922258064516
520.0,0.40686777096774196,0.7001058774193548,0.3401688064516129,0.33219284838709673,0.5872167741935483,0.4450252806451613
521.0,0.4110047741935484,0.6851635612903226,0.34261023225806453,0.33851556129032256,0.5823087032258064,0.4404136129032258
522.0,0.4193348612903226,0.6628986258064516,0.3455915290322581,0.34662540967741934,0.5748379870967741,0.43462958387096773
523.0,0.42976149032258065,0.6369723806451613,0.3488427612903226,0.3556288258064516,0.5660859483870968,0.42825937419354837
524.0,0.44123639032258066,0.6092154806451613,0.35222896129032255,0.3650790258064516,0.5566932483870968,0.4215960741935484
525.0,0.4527112903225806,0.5814585806451613,0.3556151612903226,0.3745292258064516,0.5473005483870967,0.41493277419354835
526.0,0.4641861903225806,0.5537016806451613,0.35900136129032256,0.3839794258064516,0.5379078483870967,0.4082694741935484
527.0,0.47566109032258064,0.5259447806451613,0.36238756129032257,0.39342962580645163,0.5285151483870967,0.4016061741935484
528.0,0.4871359903225806,0.4981878806451613,0.36577376129032263,0.40287982580645165,0.5191224483870969,0.39494287419354834
529.0,0.49861089032258066,0.4704309806451613,0.36915996129032264,0.4123300258064516,0.5097297483870968,0.3882795741935484
530.0,0.5063907193548387,0.4474176161290323,0.37239462580645166,0.41831271612903226,0.5048268548387097,0.3876338741935484
531.0,0.5123230129032257,0.4267760193548387,0.3755535225806452,0.42256165161290327,0.5021688645161291,0.3899969741935484
532.0,0.5173315387096774,0.4073203064516129,0.37867453548387103,0.42594370967741935,0.5006333258064516,0.39386447419354836
533.0,0.5218781806451613,0.38845753548387096,0.38177660645161293,0.42889232903225805,0.4996590129032258,0.3984841741935483
534.0,0.5261938806451613,0.36989123548387093,0.38486920645161293,0.43162422903225806,0.49896531290322577,0.40347997419354836
535.0,0.5305095806451612,0.351324935483871,0.3879618064516129,0.43435612903225806,0.49827161290322575,0.4084757741935484
536.0,0.5348252806451612,0.33275863548387097,0.3910544064516129,0.4370880290322581,0.4975779129032258,0.41347157419354835
537.0,0.5391409806451612,0.31419233548387093,0.3941470064516129,0.4398199290322581,0.49688421290322576,0.4184673741935484
538.0,0.5434566806451613,0.295626035483871,0.3972396064516129,0.4425518290322581,0.49619051290322574,0.4234631741935484
539.0,0.5477723806451613,0.277059735483871,0.40033220645161294,0.44528372903225805,0.4954968129032257,0.4284589741935484
540.0,0.5501917193548387,0.264795835483871,0.40414021290322577,0.45283121612903227,0.4950008419354838,0.4209537677419355
541.0,0.5516628774193548,0.255683135483871,0.40830592258064513,0.4627864967741935,0.49460373548387093,0.40719805806451614
542.0,0.5526599451612904,0.24814603548387096,0.41265048387096775,0.4739456741935484,0.4942560612903225,0.3903170967741936
543.0,0.5534199677419354,0.24139673548387097,0.4170844709677419,0.4857068,0.49393310322580636,0.37187350967741933
544.0,0.5540614677419354,0.23504133548387096,0.421563170967742,0.49776889999999996,0.4936225032258064,0.35264860967741934
545.0,0.5547029677419355,0.22868593548387095,0.42604187096774193,0.509831,0.4933119032258064,0.33342370967741936
546.0,0.5553444677419355,0.22233053548387094,0.43052057096774193,0.5218931,0.4930013032258064,0.31419880967741937
547.0,0.5559859677419354,0.21597513548387096,0.43499927096774194,0.5339552,0.49269070322580644,0.2949739096774194
548.0,0.5566274677419354,0.20961973548387097,0.439477970967742,0.5460173,0.49238010322580644,0.27574900967741944
549.0,0.5572689677419354,0.20326433548387096,0.44395667096774194,0.5580794,0.49206950322580645,0.25652410967741934
550.0,0.5508252548387096,0.2007053741935484,0.448457770967742,0.5679997193548387,0.4918543354838709,0.24880579032258066
551.0,0.540838935483871,0.20004463225806451,0.45297007096774194,0.5768491483870968,0.4916868838709677,0.24684076129032256
552.0,0.5290813129032258,0.20033299999999998,0.45748797096774196,0.5851631322580646,0.4915432903225806,0.24775237741935482
553.0,0.5164380387096774,0.20109592258064515,0.46200867096774195,0.5932093935483871,0.4914116258064516,0.2501023161290322
554.0,0.5033519387096774,0.20209612258064513,0.466530770967742,0.601121793548387,0.4912859258064516,0.2531714161290322
555.0,0.4902658387096774,0.20309632258064514,0.47105287096774195,0.6090341935483872,0.4911602258064516,0.25624051612903226
556.0,0.47717973870967734,0.20409652258064515,0.47557497096774193,0.6169465935483871,0.49103452580645157,0.25930961612903225
557.0,0.46409363870967735,0.20509672258064515,0.480097070967742,0.6248589935483871,0.4909088258064516,0.26237871612903224
558.0,0.45100753870967736,0.20609692258064516,0.48461917096774193,0.6327713935483871,0.4907831258064516,0.26544781612903223
559.0,0.43792143870967737,0.20709712258064517,0.48914127096774196,0.6406837935483871,0.4906574258064516,0.2685169161290322
560.0,0.4332655838709677,0.22238589032258066,0.48672303548387097,0.6340176129032258,0.49093477096774196,0.2778489322580645
561.0,0.43282485161290324,0.24481894193548387,0.48083463225806455,0.6200621419354839,0.49141363870967747,0.2903124064516129
562.0,0.4344916806451613,0.27082413548387096,0.4732111451612903,0.6024620258064517,0.49199326774193547,0.3043416096774193
563.0,0.43721229032258063,0.2986154,0.46472011612903225,0.5830395870967742,0.49262327741935485,0.31915367741935485
564.0,0.44045979032258065,0.32729969999999997,0.45579531612903224,0.5627059870967742,0.4932784774193549,0.3343571774193548
565.0,0.44370729032258066,0.35598399999999997,0.4468705161290323,0.5423723870967742,0.4939336774193549,0.3495606774193548
566.0,0.4469547903225807,0.38466829999999996,0.4379457161290322,0.5220387870967742,0.49458887741935487,0.36476417741935485
567.0,0.45020229032258063,0.41335259999999996,0.42902091612903226,0.5017051870967741,0.49524407741935483,0.3799676774193548
568.0,0.45344979032258065,0.44203689999999995,0.4200961161290322,0.4813715870967742,0.49589927741935486,0.3951711774193548
569.0,0.45669729032258066,0.47072119999999995,0.41117131612903224,0.4610379870967741,0.4965544774193548,0.41037467741935485
570.0,0.46905384838709674,0.4773514096774193,0.40181178064516127,0.4414772903225806,0.4966957161290322,0.4156039322580645
571.0,0.48596493548387093,0.47295457419354836,0.3922348774193548,0.4223030451612903,0.4965799741935483,0.41584606451612904
572.0,0.5051532870967742,0.46304421612903224,0.3825492903225806,0.4033220258064516,0.4963357419354838,0.413594635483871
573.0,0.525480270967742,0.4503770967741935,0.37280936129032255,0.38443761935483867,0.496027264516129,0.4100964258064516
574.0,0.546376570967742,0.43633159677419353,0.3630422612903226,0.36560151935483864,0.49568666451612897,0.4059748258064516
575.0,0.5672728709677419,0.4222860967741935,0.35327516129032255,0.3467654193548387,0.495346064516129,0.4018532258064516
576.0,0.5881691709677419,0.40824059677419355,0.3435080612903226,0.3279293193548387,0.49500546451612903,0.3977316258064516
577.0,0.6090654709677419,0.3941950967741935,0.33374096129032255,0.3090932193548387,0.494664864516129,0.3936100258064516
578.0,0.6299617709677419,0.3801495967741936,0.3239738612903226,0.29025711935483867,0.49432426451612904,0.3894884258064516
579.0,0.6508580709677418,0.36610409677419353,0.31420676129032254,0.27142101935483864,0.493983664516129,0.38536682580645154
580.0,0.6575890548387097,0.3528715516129032,0.30968255161290315,0.26300726774193545,0.493769464516129,0.37685565161290324
581.0,0.6572373806451612,0.3400454838709677,0.30777978709677417,0.25980469032258063,0.493618464516129,0.3661496903225806
582.0,0.6533443774193548,0.32742265483870964,0.3071877451612903,0.2592077,0.493499064516129,0.35434633548387096
583.0,0.6476807096774193,0.3149014451612903,0.30725106451612905,0.2599135032258064,0.493395464516129,0.34199428387096775
584.0,0.6411317096774193,0.3024310451612903,0.30764206451612897,0.2612707032258065,0.493299764516129,0.3293678838709677
585.0,0.6345827096774193,0.28996064516129033,0.308033064516129,0.2626279032258064,0.493204064516129,0.31674148387096773
586.0,0.6280337096774193,0.2774902451612903,0.308424064516129,0.2639851032258064,0.49310836451612905,0.30411508387096775
587.0,0.6214847096774192,0.2650198451612903,0.30881506451612906,0.26534230322580643,0.493012664516129,0.2914886838709677
588.0,0.6149357096774193,0.2525494451612903,0.309206064516129,0.2666995032258064,0.492916964516129,0.27886228387096773
589.0,0.6083867096774193,0.2400790451612903,0.309597064516129,0.26805670322580644,0.492821264516129,0.26623588387096775
590.0,0.6126260451612903,0.23268859354838708,0.3104150064516129,0.26839650967741935,0.49268881612903226,0.2598592903225806
591.0,0.6222595483870967,0.22783811612903226,0.31144641935483874,0.26822761935483863,0.49253799354838707,0.2566076
592.0,0.6345901354838709,0.2242576258064516,0.31258456774193544,0.26780438064516127,0.49237798387096765,0.2549183612903225
593.0,0.648269264516129,0.22131212903225805,0.3137760838709677,0.2672539677419355,0.49221338064516124,0.25401034838709674
594.0,0.662622664516129,0.21868412903225806,0.31499428387096773,0.26663996774193544,0.49204648064516127,0.25349294838709674
595.0,0.676976064516129,0.21605612903225807,0.3162124838709678,0.2660259677419355,0.49187958064516124,0.25297554838709674
596.0,0.691329464516129,0.21342812903225808,0.31743068387096773,0.26541196774193543,0.49171268064516127,0.25245814838709674
597.0,0.7056828645161289,0.21080012903225806,0.3186488838709678,0.26479796774193554,0.49154578064516125,0.25194074838709674
598.0,0.7200362645161289,0.20817212903225807,0.31986708387096774,0.26418396774193553,0.4913788806451613,0.25142334838709673
599.0,0.734389664516129,0.20554412903225808,0.32108528387096774,0.26356996774193553,0.49121198064516125,0.2509059483870968
600.0,0.7321709870967742,0.20447365161290323,0.32131323870967743,0.2658326645161291,0.4911597129032258,0.25446612258064516
601.0,0.7216662709677419,0.20418193548387098,0.32104607096774196,0.2695337096774194,0.49116476129032255,0.2600650838709677
602.0,0.707018535483871,0.2042796,0.3205313419354839,0.27395392903225807,0.49119846774193543,0.2666834387096774
603.0,0.6902992903225806,0.20457195483870966,0.31989283225806453,0.278733735483871,0.49124650322580643,0.2738114903225806
604.0,0.6725442903225807,0.20496165483870965,0.31919243225806454,0.283693335483871,0.49130170322580646,0.28119439032258065
605.0,0.6547892903225807,0.20535135483870967,0.31849203225806455,0.288652935483871,0.4913569032258064,0.2885772903225806
606.0,0.6370342903225806,0.2057410548387097,0.3177916322580645,0.293612535483871,0.4914121032258064,0.2959601903225806
607.0,0.6192792903225806,0.20613075483870968,0.31709123225806457,0.29857213548387096,0.4914673032258064,0.30334309032258067
608.0,0.6015242903225806,0.20652045483870968,0.3163908322580645,0.30353173548387097,0.49152250322580643,0.31072599032258064
609.0,0.5837692903225806,0.20691015483870964,0.31569043225806454,0.308491335483871,0.4915777032258064,0.3181088903225806
610.0,0.575205,0.2073681903225806,0.31722848387096775,0.3132104709677419,0.4916836387096774,0.3291242032258065
611.0,0.571236064516129,0.20786039354838706,0.3198857612903226,0.3178093741935484,0.4918149419354838,0.34195572258064516
612.0,0.5695648064516129,0.20836968064516126,0.32310265161290325,0.3223481612903226,0.4919589290322581,0.3556953451612903
613.0,0.5690423870967742,0.20888750967741931,0.3265993483870968,0.3268568903225807,0.4921092580645161,0.3698890193548387
614.0,0.5690943870967742,0.20940960967741934,0.3302359483870968,0.33135059032258063,0.4922627580645161,0.3843097193548387
615.0,0.5691463870967741,0.2099317096774193,0.3338725483870968,0.3358442903225807,0.4924162580645161,0.39873041935483866
616.0,0.5691983870967742,0.21045380967741933,0.3375091483870968,0.3403379903225806,0.49256975806451614,0.4131511193548387
617.0,0.5692503870967741,0.21097590967741933,0.34114574838709677,0.34483169032258065,0.4927232580645161,0.4275718193548387
618.0,0.5693023870967742,0.21149800967741933,0.34478234838709676,0.3493253903225807,0.4928767580645161,0.44199251935483863
619.0,0.5693543870967741,0.21202010967741933,0.34841894838709675,0.35381909032258063,0.4930302580645161,0.4564132193548387
620.0,0.5797465677419354,0.21169637741935482,0.3497205806451613,0.3520397064516129,0.49302742258064514,0.4699637774193548
621.0,0.5953088387096774,0.21094972903225803,0.3498547290322581,0.34712378064516125,0.4929464193548387,0.48307926451612904
622.0,0.6134561548387096,0.20999162258064513,0.349405135483871,0.34063958387096777,0.4928263322580645,0.4959772161290323
623.0,0.6328959935483871,0.20892778709677418,0.348663670967742,0.33337125161290326,0.49268670322580643,0.5087664000000001
624.0,0.652982093548387,0.20781108709677418,0.3477762709677419,0.32571085161290325,0.4925373032258064,0.5215012
625.0,0.6730681935483871,0.20669438709677418,0.3468888709677419,0.31805045161290324,0.49238790322580644,0.5342359999999999
626.0,0.6931542935483872,0.20557768709677418,0.3460014709677419,0.31039005161290323,0.4922385032258064,0.5469708
627.0,0.7132403935483871,0.20446098709677418,0.34511407096774194,0.3027296516129032,0.4920891032258064,0.5597056
628.0,0.7333264935483871,0.20334428709677418,0.34422667096774195,0.2950692516129032,0.4919397032258064,0.5724404000000001
629.0,0.7534125935483871,0.2022275870967742,0.3433392709677419,0.28740885161290325,0.4917903032258064,0.5851752000000001
630.0,0.759161970967742,0.20235078387096772,0.342085264516129,0.28325405161290323,0.4916023483870967,0.590040735483871
631.0,0.7577429870967742,0.20309392903225804,0.34064795483870963,0.2808520516129033,0.4913951161290322,0.5909716387096775
632.0,0.7527398225806452,0.20414704838709674,0.33911899354838704,0.27932645161290326,0.49117824516129027,0.5899352258064516
633.0,0.7459445677419354,0.20535515483870964,0.33754420645161287,0.2782390516129032,0.4909565548387096,0.5879151548387097
634.0,0.7382532677419356,0.20664075483870964,0.33594650645161284,0.27737075161290325,0.49073245483870964,0.5854032548387097
635.0,0.7305619677419355,0.20792635483870964,0.3343488064516129,0.2765024516129032,0.4905083548387096,0.5828913548387096
636.0,0.7228706677419354,0.20921195483870966,0.3327511064516129,0.2756341516129033,0.49028425483870963,0.5803794548387096
637.0,0.7151793677419355,0.21049755483870966,0.33115340645161284,0.27476585161290323,0.4900601548387096,0.5778675548387096
638.0,0.7074880677419355,0.21178315483870966,0.3295557064516128,0.2738975516129032,0.4898360548387096,0.5753556548387097
639.0,0.6997967677419354,0.21306875483870966,0.3279580064516129,0.27302925161290326,0.4896119548387097,0.5728437548387096
640.0,0.6867363838709677,0.21320374838709674,0.32768639677419353,0.2757878419354839,0.48970129999999995,0.5729576096774193
641.0,0.6709914580645162,0.2127634387096774,0.32807783225806453,0.28035987741935486,0.4899473677419355,0.5743843419354838
642.0,0.6539042612903225,0.2120354774193548,0.3288007903225806,0.285838635483871,0.4902717967741935,0.5764675129032257
643.0,0.6361459290322582,0.21116369032258062,0.3296895096774193,0.2917707548387097,0.49063540645161285,0.5788789032258064
644.0,0.6180520290322581,0.21021999032258062,0.33066110967741935,0.29792955483870964,0.4910186064516129,0.5814544032258063
645.0,0.599958129032258,0.20927629032258063,0.3316327096774193,0.30408835483870966,0.4914018064516129,0.5840299032258065
646.0,0.581864229032258,0.20833259032258064,0.3326043096774194,0.3102471548387097,0.49178500645161294,0.5866054032258065
647.0,0.563770329032258,0.20738889032258062,0.33357590967741935,0.3164059548387097,0.4921682064516129,0.5891809032258064
648.0,0.545676429032258,0.20644519032258063,0.3345475096774193,0.32256475483870967,0.49255140645161294,0.5917564032258065
649.0,0.527582529032258,0.20550149032258064,0.3355191096774194,0.32872355483870963,0.4929346064516129,0.5943319032258064
650.0,0.5243519064516128,0.2051745129032258,0.33640689032258064,0.3301144580645161,0.4931461935483871,0.5971730032258065
651.0,0.5285529225806451,0.20515589677419355,0.33725276129032256,0.3291214129032258,0.4932719741935484,0.6001469032258064
652.0,0.5364697580645161,0.20529146129032258,0.3380776774193548,0.3269363935483871,0.49335485161290327,0.6031872032258063
653.0,0.5462445032258064,0.20550411612903224,0.33889211612903225,0.32415538709677416,0.49341627741935484,0.6062607032258065
654.0,0.5569482032258064,0.20575531612903225,0.33970131612903226,0.32107638709677416,0.49346697741935486,0.6093508032258065
655.0,0.5676519032258065,0.20600651612903226,0.34051051612903227,0.31799738709677416,0.4935176774193548,0.6124409032258065
656.0,0.5783556032258064,0.20625771612903226,0.3413197161290322,0.31491838709677417,0.4935683774193548,0.6155310032258065
657.0,0.5890593032258065,0.20650891612903224,0.3421289161290323,0.31183938709677417,0.49361907741935485,0.6186211032258064
658.0,0.5997630032258064,0.20676011612903225,0.34293811612903224,0.3087603870967741,0.4936697774193548,0.6217112032258064
659.0,0.6104667032258064,0.20701131612903223,0.34374731612903225,0.3056813870967741,0.4937204774193549,0.6248013032258064
660.0,0.6182836419354838,0.2080390322580645,0.34494959999999997,0.3066415096774193,0.4938855,0.6273565903225806
661.0,0.6246571999999999,0.20945500645161289,0.34634842580645164,0.309621193548387,0.4941076838709677,0.6296444709677419
662.0,0.6303090677419355,0.21106510967741934,0.34784552258064516,0.31361065806451605,0.49435844838709675,0.6317986483870968
663.0,0.6356000903225807,0.21277227741935484,0.34939175483870966,0.3181050129032258,0.49462350322580645,0.6338859741935483
664.0,0.6407106903225807,0.2145279774193548,0.3509625548387097,0.32285181290322573,0.49489570322580645,0.6359398741935484
665.0,0.6458212903225806,0.21628367741935484,0.3525333548387097,0.3275986129032258,0.49516790322580645,0.6379937741935484
666.0,0.6509318903225807,0.21803937741935484,0.35410415483870966,0.3323454129032258,0.49544010322580645,0.6400476741935484
667.0,0.6560424903225806,0.21979507741935483,0.3556749548387097,0.3370922129032258,0.49571230322580645,0.6421015741935483
668.0,0.6611530903225806,0.22155077741935483,0.3572457548387097,0.3418390129032258,0.49598450322580645,0.6441554741935482
669.0,0.6662636903225806,0.22330647741935483,0.35881655483870967,0.3465858129032258,0.49625670322580645,0.6462093741935483
670.0,0.6685513741935484,0.2239915193548387,0.3588054193548387,0.3478764064516129,0.4960968,0.640781829032258
671.0,0.6694276,0.2241412322580645,0.35800331612903225,0.3474388967741936,0.4957208451612903,0.6316135612903225
672.0,0.6695980967741935,0.2240232806451613,0.35680572903225805,0.346137335483871,0.495236864516129,0.6205749322580645
673.0,0.669415729032258,0.22377149677419356,0.35541039999999996,0.3444037483870968,0.4946988709677419,0.6086011225806451
674.0,0.6690569290322581,0.22345279677419355,0.3539162,0.34245414838709676,0.4941338709677419,0.5961597225806452
675.0,0.668698129032258,0.22313409677419355,0.352422,0.34050454838709676,0.49356887096774194,0.5837183225806453
676.0,0.6683393290322579,0.22281539677419354,0.3509278,0.33855494838709677,0.49300387096774195,0.5712769225806451
677.0,0.667980529032258,0.22249669677419354,0.3494336,0.33660534838709677,0.49243887096774197,0.5588355225806452
678.0,0.667621729032258,0.22217799677419353,0.3479394,0.3346557483870968,0.491873870967742,0.5463941225806452
679.0,0.667262929032258,0.22185929677419355,0.3464452,0.3327061483870968,0.49130887096774195,0.5339527225806452
680.0,0.6541413935483871,0.2313384290322581,0.3465742774193548,0.3339538129032258,0.4917416,0.5169680451612904
681.0,0.6346384903225806,0.24571647741935485,0.3475149935483871,0.33680010967741936,0.4926731935483871,0.497711729032258
682.0,0.6119449032258064,0.2625439838709678,0.34886152903225803,0.34044572258064515,0.49385421935483875,0.47731959354838716
683.0,0.5876559741935483,0.2805962193548387,0.3504109741935484,0.3444909935483871,0.49515996129032264,0.4563595483870968
684.0,0.5625693741935484,0.2992608193548387,0.3520618741935484,0.3487360935483871,0.49652806129032256,0.43511554838709676
685.0,0.5374827741935484,0.3179254193548387,0.3537127741935484,0.3529811935483871,0.49789616129032255,0.41387154838709683
686.0,0.5123961741935483,0.3365900193548387,0.3553636741935484,0.3572262935483871,0.49926426129032253,0.3926275483870968
687.0,0.48730957419354837,0.3552546193548387,0.35701457419354843,0.3614713935483871,0.5006323612903225,0.37138354838709686
688.0,0.4622229741935484,0.3739192193548387,0.35866547419354833,0.36571649354838703,0.5020004612903226,0.3501395483870968
689.0,0.4371363741935484,0.39258381935483866,0.36031637419354834,0.36996159354838704,0.5033685612903225,0.3288955483870968
690.0,0.4233273483870968,0.40310111612903227,0.3588217258064516,0.36920824193548385,0.5037627774193547,0.31941175483870965
690.0,0.4233273483870968,0.40310111612903227,0.3588217258064516,0.36920824193548385,0.5037627774193547,0.31941175483870965
